{"cameraMode":{"drawMode":0,"name":"Shaded","section":"Shading Mode"},"sceneLighting":true,"audioPlay":false,"sceneViewState":{"m_AlwaysRefresh":false,"showFog":true,"showSkybox":true,"showFlares":true,"showImageEffects":true,"showParticleSystems":true,"showVisualEffectGraphs":true,"m_FxEnabled":true},"in2DMode":false,"pivot":{"x":-1.1610937118530274,"y":-8.255606651306153,"z":11.814455032348633},"rotation":{"x":0.31774085760116579,"y":-0.017063969746232034,"z":0.005722686182707548,"w":0.9480135440826416},"size":11.19994068145752,"orthographic":false}